0, 0
1, 26.706
2, 26.1879
3, 25.3241
4, 26.906
5, 26.402
6, 26.1509
7, 27.9169
8, 25.892
9, 22.9449
10, 26.969
11, 26.4421
12, 25.6782
13, 27.0729
14, 26.145
15, 24.704
16, 26.9389
17, 24.297
18, 29.325
19, 26.36
20, 25.0311
21, 28.3561
22, 26.8841
23, 28.8539
24, 25.707
25, 26.0379
26, 46.685
27, 22.337
28, 28.0781
29, 25.2988
30, 28.4331
31, 25.243
32, 27.8029
33, 27.586
34, 26.4399
35, 25.3201
36, 28.2612
37, 28.8329
38, 27.879
39, 27.4808
40, 27.0851
41, 25.7339
42, 26.582
43, 25.5449
44, 27.1161
45, 27.4708
46, 26.6678
47, 23.5031
48, 27.806
49, 27.0669
50, 27.607
51, 27.3678
52, 23.6268
53, 27.1318
54, 25.8269
55, 28.229
56, 23.972
57, 26.521
58, 26.551
59, 27.9961
60, 26.8121
61, 27.5569
62, 27.2479
63, 33.5269
64, 23.0191
65, 25.703
66, 26.679
67, 27.4282
68, 24.0641
69, 26.6249
70, 26.8421
71, 27.7922
72, 24.394
73, 25.9249
74, 27.472
75, 26.5851
76, 27.055
77, 26.9129
78, 26.1722
79, 24.43
80, 27.107
81, 26.931
82, 27.247
83, 27.6861
84, 24.2031
85, 25.9199
86, 28.0671
87, 26.2079
88, 27.8661
89, 23.21
90, 27.051
91, 26.825
92, 26.428
93, 26.484
94, 24.518
95, 26.1531
96, 27.2288
97, 27.091
98, 26.8111
99, 24.8969
100, 26.2132
101, 33.0291
102, 25.1808
103, 26.2029
104, 27.0362
105, 23.4559
106, 25.5022
107, 27.581
108, 26.4959
109, 25.8381
110, 25.84
111, 24.6968
112, 26.6759
113, 25.9759
114, 26.8641
115, 27.0851
116, 22.9261
117, 28.0099
118, 26.6171
119, 25.918
120, 26.1662
121, 23.5898
122, 26.983
123, 26.448
124, 26.89
125, 27.2009
126, 26.772
127, 22.6252
128, 27.462
129, 25.3959
130, 26.7699
131, 26.6681
132, 24.735
133, 25.8641
134, 26.5059
135, 25.8269
136, 26.3152
137, 23.2089
138, 27.2908
139, 26.2902
140, 26.5529
141, 28.1081
142, 25.666
143, 25.784
144, 27.082
145, 28.7302
146, 26.7141
147, 26.4719
148, 26.2568
149, 28.388
150, 28.4219
151, 27.9951
152, 26.582
153, 24.374
154, 28.964
155, 28.528
156, 26.891
157, 28.8641
158, 24.5368
159, 27.6759
160, 27.1142
161, 29.8769
162, 26.3841
163, 29.124
164, 24.049
165, 27.2021
166, 26.5729
167, 28.6582
168, 26.5958
169, 24.292
170, 28.0669
171, 25.2628
172, 29.18
173, 27.6241
174, 27.833
175, 23.4132
176, 34.3049
177, 26.3391
178, 26.8021
179, 26.5129
180, 24.1182
181, 27.528
182, 27.261
183, 27.53
184, 27.4291
185, 23.454
186, 27.7851
187, 27.6241
188, 25.4269
189, 28.609
190, 26.88
191, 23.9549
192, 26.5698
193, 27.8821
194, 28.177
195, 26.217
196, 26.1431
197, 26.675
198, 27.025
199, 26.6998
200, 28.646
201, 22.898
202, 28.703
203, 27.312
204, 27.0579
205, 26.5069
206, 28.1591
207, 23.623
208, 27.9379
209, 24.354
210, 29.1438
211, 27.7779
212, 27.8261
213, 32.357
214, 23.622
215, 24.2121
216, 30.0879
217, 23.1812
218, 26.247
219, 27.6399
220, 27.0879
221, 26.3152
222, 25.496
223, 25.542
224, 28.2629
225, 26.9942
226, 25.806
227, 26.484
228, 24.497
229, 27.029
230, 28.11
231, 27.8192
232, 25.269
233, 27.2861
234, 27.6151
235, 26.8669
236, 27.1661
237, 27.06
238, 27.602
239, 23.7861
240, 27.4179
241, 27.112
242, 27.6902
243, 26.87
244, 24.04
245, 27.4022
246, 28.023
247, 25.8579
248, 28.398
249, 24.8301
250, 27.4029
251, 33.036
252, 25.6989
253, 26.3681
254, 27.329
255, 24.6952
256, 27.173
257, 27.0419
258, 27.5352
259, 27.015
260, 23.787
261, 27.8201
262, 26.722
263, 27.6451
264, 27.5691
265, 24.1508
266, 27.9851
267, 27.4341
268, 27.6458
269, 26.8819
270, 27.22
271, 23.7989
272, 28.5351
273, 27.2
274, 27.097
275, 26.978
276, 23.8569
277, 28.3661
278, 26.933
279, 27.3712
280, 25.727
281, 23.1481
282, 27.108
283, 27.2281
284, 27.1759
285, 27.235
286, 28.9669
287, 23.4811
288, 33.381
289, 24.9438
290, 27.9379
291, 27.2021
292, 22.429
293, 27.734
294, 27.2131
295, 27.4079
296, 27.4389
297, 24.1461
298, 27.698
299, 26.557
300, 27.2229
301, 27.2889
302, 27.8451
303, 23.9449
304, 27.8208
305, 27.1142
306, 26.5291
307, 27.5819
308, 24.332
309, 25.9731
310, 28.168
311, 26.989
312, 27.8502
313, 23.6001
314, 27.169
315, 26.9439
316, 28.028
317, 27.365
318, 27.1151
319, 23.9489
320, 27.6952
321, 26.7489
322, 28.2812
323, 26.9949
324, 24.652
325, 27.1702
326, 33.232
327, 27.411
328, 26.9492
329, 22.4209
330, 25.5508
331, 23.999
332, 26.0861
333, 24.9989
334, 25.8291
335, 21.194
336, 25.121
337, 25.032
338, 26.171
339, 26.582
340, 23.8581
341, 26.2671
342, 27.5691
343, 26.5019
344, 26.2229
345, 23.2298
346, 26.7341
347, 26.752
348, 26.3171
349, 26.634
350, 26.439
351, 24.0638
352, 26.114
353, 27.2839
354, 26.5801
355, 26.5949
356, 23.267
357, 27.1702
358, 26.433
359, 26.8149
360, 25.7952
361, 23.2949
362, 26.449
363, 27.8211
364, 29.0711
365, 26.525
366, 26.294
367, 22.943
368, 26.819
369, 27.113
370, 26.7098
371, 27.5459
372, 22.6419
373, 26.3209
374, 26.788
375, 26.545
376, 26.854
377, 23.53
378, 25.6679
379, 27.2191
380, 27.0672
381, 26.891
382, 26.046
383, 23.5391
384, 26.72
385, 26.3469
386, 26.984
387, 26.763
388, 23.0141
389, 27.1189
390, 26.721
391, 26.211
392, 26.6731
393, 22.985
394, 26.273
395, 27.6999
396, 26.4568
397, 27.0269
398, 26.1691
399, 23.052
400, 26.5319
401, 26.2818
402, 33.7551
403, 23.2031
404, 23.036
405, 27.0729
406, 25.8071
407, 27.247
408, 26.5892
409, 23.7179
410, 27.1912
411, 26.4339
412, 26.3031
413, 26.2201
414, 26.2618
415, 23.6652
416, 27.1189
417, 26.9752
418, 26.01
419, 26.8929
420, 23.72
421, 26.623
422, 26.4652
423, 26.366
424, 26.8841
425, 23.222
426, 27.034
427, 26.1421
428, 26.3369
429, 27.4398
430, 27.0782
431, 22.5871
432, 26.8409
433, 26.2091
434, 27.1089
435, 26.7718
436, 23.1771
437, 26.665
438, 26.4101
439, 27.281
440, 26.149
441, 23.0758
442, 27.446
443, 26.932
444, 25.9252
445, 26.355
446, 27.22
447, 23.5419
448, 26.5391
449, 26.2299
450, 27.0381
451, 26.222
452, 23.2551
453, 26.8409
454, 26.4161
455, 26.5739
456, 27.2491
457, 23.3951
458, 27.106
459, 25.7859
460, 26.581
461, 26.8981
462, 26.659
463, 23.154
464, 27.715
465, 26.1829
466, 26.9272
467, 25.883
468, 24.024
469, 26.407
470, 27.0221
471, 24.827
472, 26.974
473, 22.531
474, 27.2641
475, 26.2799
476, 26.3262
477, 26.7501
478, 26.2699
479, 24.3812
480, 26.2208
481, 27.667
482, 28.8348
483, 28.831
484, 25.2728
485, 27.7078
486, 28.487
487, 27.936
488, 28.8172
489, 24.57
490, 28.5311
491, 28.2221
492, 28.96
493, 28.0151
494, 27.832
495, 24.73
496, 28.0471
497, 28.6989
498, 28.4719
499, 28.672
500, 27.854
501, 25.938
502, 28.1889
503, 28.3651
504, 28.3041
505, 24.9701
506, 28.832
507, 29.3221
508, 26.9611
509, 28.559
510, 27.529
511, 24.9951
512, 28.8169
513, 28.3148
514, 27.473
515, 43.2019
516, 22.1329
517, 26.859
518, 26.5341
519, 27.0782
520, 26.8049
521, 22.6481
522, 27.5159
523, 27.1051
524, 26.32
525, 27.178
526, 26.654
527, 22.8479
528, 27.4501
529, 27.6709
530, 25.8601
531, 26.6092
532, 23.8719
533, 27.0081
534, 27.1502
535, 27.0879
536, 26.5491
537, 23.597
538, 26.639
539, 27.339
540, 27.3452
541, 27.0779
542, 25.398
543, 25.1541
544, 25.9659
545, 27.5929
546, 27.2889
547, 25.764
548, 24.276
549, 27.179
550, 26.1388
551, 27.7059
552, 26.6349
553, 28.748
554, 25.979
555, 28.224
556, 27.8549
557, 28.0271
558, 29.2101
559, 24.354
560, 29.4609
561, 26.823
562, 28.3301
563, 28.2309
564, 25.043
565, 27.941
566, 29.2089
567, 27.647
568, 28.7709
569, 25.0499
570, 27.7851
571, 28.194
572, 28.981
573, 28.1019
574, 27.962
575, 24.9941
576, 28.976
577, 27.4839
578, 29.2311
579, 27.4429
580, 25.5511
581, 28.7251
582, 28.162
583, 29.0811
584, 28.6069
585, 24.6871
586, 28.1088
587, 28.41
588, 28.218
589, 38.1711
590, 27.0381
591, 24.405
592, 26.618
593, 27.925
594, 27.9689
595, 28.811
596, 24.853
597, 27.5609
598, 28.955
599, 28.198
600, 28.3611
601, 24.122
602, 25.4042
603, 26.53
604, 27.216
605, 26.515
606, 26.3159
607, 23.8049
608, 26.227
609, 27.179
610, 26.9101
611, 27.8652
612, 25.1749
613, 28.4779
614, 28.0061
615, 27.9059
616, 28.523
617, 24.9591
618, 28.12
619, 28.1138
620, 28.6958
621, 28.826
622, 26.8998
623, 25.5558
624, 28.157
625, 27.832
626, 41.1079
627, 26.01
628, 24.3411
629, 26.8869
630, 25.7561
631, 25.0781
632, 25.3451
633, 23.3178
634, 26.4821
635, 26.7391
636, 26.7899
637, 27.3931
638, 24.941
639, 24.585
640, 26.438
641, 26.382
642, 26.3851
643, 27.482
644, 22.5208
645, 26.9659
646, 26.4821
647, 27.0281
648, 26.541
649, 22.989
650, 26.54
651, 27.4041
652, 26.4249
653, 26.0999
654, 27.647
655, 22.135
656, 26.9201
657, 25.6219
658, 27.57
659, 26.7799
660, 23.674
661, 26.6011
662, 26.2208
663, 31.424
664, 23.5722
665, 23.1068
666, 26.5808
667, 26.3581
668, 27.0772
669, 26.264
670, 26.2461
671, 24.23
672, 25.9731
673, 27.333
674, 26.0139
675, 26.6352
676, 23.7889
677, 26.4452
678, 26.4089
679, 26.798
680, 26.438
681, 22.8231
682, 27.4341
683, 26.6719
684, 26.624
685, 26.278
686, 26.7789
687, 22.3491
688, 26.8018
689, 26.9561
690, 27.082
691, 26.4101
692, 23.531
693, 26.86
694, 25.5342
695, 27.241
696, 26.881
697, 23.49
698, 26.5138
699, 26.8729
700, 26.6051
701, 26.9978
702, 27.163
703, 24.0362
704, 25.969
705, 26.794
706, 26.4142
707, 26.51
708, 23.8829
709, 26.7782
710, 26.401
711, 26.5079
712, 26.7901
713, 23.453
714, 26.871
715, 25.8441
716, 26.4521
717, 27.5199
718, 26.1681
719, 23.545
720, 26.7861
721, 26.727
722, 25.8331
723, 26.741
724, 24.0219
725, 26.0532
726, 26.0799
727, 26.669
728, 26.6452
729, 23.1578
730, 27.096
731, 26.6361
732, 26.618
733, 26.19
734, 26.468
735, 23.9642
736, 26.058
737, 26.8939
738, 26.4642
739, 27.257
740, 26.881
741, 23
742, 26.094
743, 27.3368
744, 26.6302
745, 23.6158
746, 26.4041
747, 26.7229
748, 25.8601
749, 26.695
750, 27.781
751, 21.9879
752, 27.4889
753, 25.8808
754, 27.4901
755, 25.507
756, 24.987
757, 25.0781
758, 27.113
759, 26.427
760, 26.1471
761, 24.116
762, 26.5851
763, 25.928
764, 27.3898
765, 26.6151
766, 26.2551
767, 23.3679
768, 27.297
769, 25.6262
770, 27.5528
771, 26.2711
772, 22.898
773, 26.1161
774, 27.3581
775, 27.097
776, 26.222
777, 23.9398
778, 26.926
779, 27.5481
780, 26.9411
781, 25.8589
782, 27.302
783, 22.697
784, 26.7479
785, 26.644
786, 25.995
787, 26.8569
788, 23.0391
789, 26.2311
790, 27.565
791, 26.4649
792, 26.983
793, 22.67
794, 27.2179
795, 26.577
796, 26.0091
797, 27.297
798, 27.0481
799, 23.1211
800, 26.808
801, 26.65
802, 27.1909
803, 25.703
804, 23.906
805, 26.3619
806, 26.17
807, 26.9382
808, 26.597
809, 23.8688
810, 26.6469
811, 26.6621
812, 28.1138
813, 25.558
814, 26.4421
815, 23.3102
816, 25.2779
817, 27.7731
818, 26.9589
819, 28.245
820, 24.3618
821, 28.6481
822, 27.6041
823, 28.228
824, 30.5409
825, 23.2069
826, 27.7789
827, 27.5011
828, 29.4211
829, 29.1378
830, 27.8449
831, 24.4601
832, 28.209
833, 28.2831
834, 28.6069
835, 28.3599
836, 25.4509
837, 27.3139
838, 28.512
839, 28.7762
840, 28.398
841, 24.919
842, 27.9069
843, 28.7259
844, 27.9491
845, 27.118
846, 26.052
847, 24.5759
848, 27.9071
849, 28.1911
850, 28.6589
851, 28.811
852, 24.055
853, 43.71
854, 23.227
855, 28.5501
856, 27.1468
857, 23.2551
858, 27.215
859, 27.456
860, 27.6392
861, 27.2279
862, 27.5722
863, 23.8471
864, 27.323
865, 26.607
866, 27.2808
867, 27.5898
868, 25.1958
869, 26.983
870, 26.5081
871, 27.0269
872, 28.5509
873, 24.7471
874, 26.571
875, 27.324
876, 27.41
877, 26.9721
878, 27.2191
879, 23.9429
880, 27.2911
881, 26.9151
882, 27.833
883, 26.7019
884, 24.0729
885, 27.8749
886, 27.086
887, 27.832
888, 27.776
889, 23.345
890, 34.5109
891, 23.474
892, 26.6898
893, 26.4952
894, 26.443
895, 23.643
896, 27.4589
897, 25.6901
898, 27.0801
899, 25.959
900, 23.6981
901, 26.494
902, 26.8369
903, 25.985
904, 27.3919
905, 22.7561
906, 26.9129
907, 26.8202
908, 25.1369
909, 27.7121
910, 26.6449
911, 23.792
912, 26.576
913, 26.376
914, 26.7179
915, 26.6831
916, 22.99
917, 26.53
918, 26.618
919, 26.093
920, 27.0441
921, 23.3781
922, 27.689
923, 26.1021
924, 25.2578
925, 26.7022
926, 27.3919
927, 23.555
928, 26.509
929, 28.98
930, 25.8422
931, 27.1289
932, 23.0851
933, 26.3588
934, 26.247
935, 29.413
936, 27.1759
937, 25.1739
938, 28.9841
939, 28.0199
940, 27.782
941, 29.752
942, 27.9071
943, 24.0629
944, 28.995
945, 28.1398
946, 28.2822
947, 28.0309
948, 24.5309
949, 30.1602
950, 27.5519
951, 28.6531
952, 28.4059
953, 24.292
954, 29.078
955, 28.5189
956, 28.2729
957, 28.224
958, 28.8579
959, 24.2851
960, 27.7209
961, 28.4841
962, 28.2719
963, 28.3699
964, 24.869
965, 42.419
966, 25.1341
967, 27.184
968, 25.8899
969, 24.1961
970, 26.7079
971, 26.3972
972, 27.065
973, 26.4251
974, 27.693
975, 23.005
976, 26.752
977, 27.7531
978, 26.9969
979, 25.0881
980, 24.26
981, 26.5169
982, 27.8511
983, 25.768
984, 26.9761
985, 22.9609
986, 27.1301
987, 26.932
988, 26.794
989, 26.309
990, 26.8002
991, 23.7689
992, 27.225
993, 27.1261
994, 26.401
995, 27.251
996, 23.571
997, 26.5191
998, 27.097
999, 26.5121
1000, 26.5169
1001, 23.813
1002, 26.485
1003, 32.5949
1004, 26.1531
1005, 27.209
1006, 27.02
1007, 23.16
1008, 26.6459
1009, 27.6971
1010, 26.4962
1011, 25.9709
1012, 24.9422
1013, 26.253
1014, 27.4191
1015, 27.281
1016, 26.4249
1017, 23.051
1018, 27.0979
1019, 26.6469
1020, 26.8371
1021, 26.895
1022, 27.8389
1023, 23.9542
1024, 25.203
1025, 27.292
1026, 26.8641
1027, 27.1471
1028, 23.0479
1029, 27.21
1030, 26.6421
1031, 27.693
1032, 26.108
1033, 21.8081
1034, 27.498
1035, 26.2589
1036, 26.7489
1037, 26.8121
1038, 27.046
1039, 23.8431
1040, 27.4892
1041, 33.489
1042, 27.5209
1043, 26.2811
1044, 26.2849
1045, 24.919
1046, 25.3758
1047, 26.6352
1048, 27.4329
1049, 23.4852
1050, 26.0479
1051, 26.0451
1052, 28.1441
1053, 26.418
1054, 26.4859
1055, 22.768
1056, 27.246
1057, 26.526
1058, 25.9159
1059, 27.178
1060, 23.7291
1061, 26.0119
1062, 27.1251
1063, 26.288
1064, 26.619
1065, 23.5729
1066, 26.4249
1067, 27.019
1068, 26.5222
1069, 26.4769
1070, 26.417
1071, 23.3541
1072, 26.6991
1073, 26.3469
1074, 26.902
1075, 26.8321
1076, 23.3319
1077, 26.7091
1078, 27.0531
1079, 27.293
1080, 26.6349
1081, 22.6512
1082, 26.315
1083, 27.0619
1084, 27.195
1085, 26.51
1086, 26.063
1087, 23.2942
1088, 27.096
1089, 26.675
1090, 26.4969
1091, 26.562
1092, 23.6111
1093, 25.625
1094, 26.3879
1095, 27.0779
1096, 26.8161
1097, 23.6659
1098, 26.0961
1099, 26.8331
1100, 26.4111
1101, 26.619
1102, 26.8509
1103, 23.211
1104, 25.8958
1105, 26.844
1106, 26.2411
1107, 27.668
1108, 24.097
1109, 26.4652
1110, 26.5269
1111, 26.7739
1112, 26.228
1113, 23.4311
1114, 26.7451
1115, 26.171
1116, 26.963
1117, 30.1819
1118, 26.1919
1119, 23.231
1120, 26.7749
1121, 27.113
1122, 26.5851
1123, 26.1881
1124, 24.5979
1125, 25.202
1126, 27.1251
1127, 26.5601
1128, 27.1368
1129, 22.9809
1130, 26.978
1131, 26.773
1132, 26.088
1133, 27.565
1134, 26.283
1135, 23.526
1136, 26.5741
1137, 26.655
1138, 26.432
1139, 26.69
1140, 23.0088
1141, 26.6891
1142, 26.7491
1143, 25.7621
1144, 27.936
1145, 21.9078
1146, 27.2441
1147, 26.3391
1148, 27.601
1149, 26.5388
1150, 26.85
1151, 22.8581
1152, 27.1471
1153, 26.8481
1154, 27.1859
1155, 29.5892
1156, 19.624
1157, 26.8071
1158, 26.2709
1159, 27.245
1160, 26.8972
1161, 22.1
1162, 27.0481
1163, 26.85
1164, 26.6039
1165, 26.3419
1166, 27.0751
1167, 22.8949
1168, 27.0529
1169, 25.1071
1170, 28.1579
1171, 26.742
1172, 23.2861
1173, 27.4839
1174, 26.1679
1175, 26.3441
1176, 26.3281
1177, 23.2139
1178, 26.469
1179, 27.283
1180, 25.9249
1181, 27.904
1182, 25.7649
1183, 23.3998
1184, 25.83
1185, 27.0998
1186, 26.6669
1187, 26.674
1188, 23.356
1189, 27.025
1190, 26.593
1191, 26.624
1192, 25.805
1193, 24.0712
1194, 28.199
1195, 26.783
1196, 25.7921
1197, 27.4689
1198, 26.619
1199, 22.814
1200, 26.4192
1201, 26.1028
1202, 26.952
1203, 27.1869
1204, 23.3691
1205, 25.9659
1206, 26.7382
1207, 25.347
1208, 27.8158
1209, 23.7489
1210, 26.6659
1211, 25.9912
1212, 26.4168
1213, 27.735
1214, 25.5949
1215, 24.6742
1216, 25.7399
1217, 27.349
1218, 25.9511
1219, 27.483
1220, 23.262
1221, 26.1679
1222, 27.2629
1223, 25.7571
1224, 25.713
1225, 23.6971
1226, 26.6278
1227, 26.484
1228, 26.732
1229, 27.168
1230, 26.1569
1231, 23.2282
1232, 29.4828
1233, 26.1559
1234, 26.4182
1235, 26.5279
1236, 24.158
1237, 26.4461
1238, 28.043
1239, 25.6629
1240, 26.54
1241, 24.2581
1242, 26.2349
1243, 25.511
1244, 26.8152
1245, 26.7169
1246, 26.4239
1247, 23.8199
1248, 26.4051
1249, 26.0131
1250, 27.128
1251, 27.2579
1252, 23.3271
1253, 26.479
1254, 26.2141
1255, 26.4471
1256, 28.1138
1257, 23.8581
1258, 24.9131
1259, 25.506
1260, 24.4062
1261, 25.7828
1262, 24.4691
1263, 22.434
1264, 26.459
1265, 30.6489
1266, 26.284
1267, 25.2161
1268, 24.174
1269, 25.727
1270, 29.4142
1271, 27.2858
1272, 24.9059
1273, 22.881
1274, 27.8909
1275, 27.0598
1276, 26.1011
1277, 26.2561
1278, 24.668
1279, 21.455
1280, 25.671
1281, 25.5601
1282, 26.7529
1283, 26.567
1284, 22.836
1285, 26.4349
1286, 27.014
1287, 25.588
1288, 25.0051
1289, 22.728
1290, 27.225
1291, 26.4161
1292, 26.0091
1293, 27.0231
1294, 26.1478
1295, 23.5689
1296, 27.148
1297, 25.3131
1298, 26.454
1299, 26.3391
1300, 21.899
1301, 26.6609
1302, 26.1118
1303, 26.072
1304, 27.3499
1305, 22.4619
1306, 26.9301
1307, 27.1001
1308, 25.6
1309, 26.581
1310, 26.4781
1311, 23.165
1312, 27.0228
1313, 26.993
1314, 26.4411
1315, 25.9039
1316, 22.732
1317, 26.7019
1318, 25.9609
1319, 27.0538
1320, 26.5622
1321, 22.7699
1322, 26.9001
1323, 27.144
1324, 26.5691
1325, 25.789
1326, 26.629
1327, 22.4121
1328, 25.439
1329, 26.5172
1330, 26.4308
1331, 25.5139
1332, 23.9871
1333, 26.253
1334, 26.963
1335, 25.856
1336, 26.264
1337, 21.3699
1338, 26.3069
1339, 29.1541
1340, 26.845
1341, 25.2762
1342, 26.5028
1343, 23.1869
1344, 24.893
1345, 27.1981
1346, 25.187
1347, 28.2009
1348, 22.017
1349, 29.0341
1350, 26.3078
1351, 26.19
1352, 25.7261
1353, 23.1051
1354, 25.1589
1355, 25.3751
1356, 27.132
1357, 25.65
1358, 27.226
1359, 21.8761
1360, 28.0769
1361, 26.2241
1362, 25.6288
1363, 27.554
1364, 23.6299
1365, 26.4041
1366, 27.0231
1367, 26.269
1368, 25.614
1369, 22.6848
1370, 27.632
1371, 26.8579
1372, 25.965
1373, 27.1292
1374, 24.95
1375, 24.431
1376, 27.452
1377, 25.564
1378, 27.7932
1379, 24.6639
1380, 23.2992
1381, 25.234
1382, 26.309
1383, 26.484
1384, 25.991
1385, 23.833
1386, 25.8341
1387, 29.2521
1388, 22.769
1389, 26.2442
1390, 25.6898
1391, 22.7721
1392, 26.571
1393, 27.076
1394, 26.2442
1395, 26.6171
1396, 24.636
1397, 25.4838
1398, 27.894
1399, 27.36
1400, 27.684
1401, 24.6549
1402, 26.4518
1403, 26.6571
1404, 26.1772
1405, 26.7501
1406, 27.2059
1407, 22.512
1408, 26.206
1409, 26.0849
1410, 26.6521
1411, 26.3419
1412, 22.784
1413, 27.2369
1414, 26.19
1415, 26.041
1416, 27.1161
1417, 23.051
1418, 25.4881
1419, 26.9051
1420, 26.577
1421, 27.0059
1422, 26.16
1423, 23.917
1424, 26.016
1425, 27.4241
1426, 25.5041
1427, 26.763
1428, 23.551
1429, 26.7251
1430, 26.315
1431, 27.0369
1432, 26.7899
1433, 23.2129
1434, 27.051
1435, 26.8979
1436, 25.8811
1437, 27.7221
1438, 26.9389
1439, 22.5179
1440, 26.4711
1441, 26.4649
1442, 26.485
1443, 26.0851
1444, 23.0429
1445, 27.0569
1446, 26.736
1447, 28.2571
1448, 25.3091
1449, 23.6788
1450, 26.324
1451, 26.0308
1452, 26.5982
1453, 27.0469
1454, 26.772
1455, 22.368
1456, 27.5989
1457, 26.6142
1458, 26.4878
1459, 26.581
1460, 22.588
1461, 27.2279
1462, 26.329
1463, 26.552
1464, 25.6341
1465, 23.277
1466, 25.6751
1467, 25.815
1468, 27.2541
1469, 24.8868
1470, 27.0801
1471, 22.9661
1472, 26.1669
1473, 26.531
1474, 25.5361
1475, 24.5199
1476, 23.0289
1477, 26.9442
1478, 26.715
1479, 26.2499
1480, 27.6561
1481, 23.056
1482, 26.4239
1483, 26.7282
1484, 26.109
1485, 27.509
1486, 25.255
1487, 22.3842
1488, 26.9139
1489, 26.6168
1490, 27.4372
1491, 25.857
1492, 23.8359
1493, 26.4711
1494, 26.4859
1495, 26.7351
1496, 26.5861
1497, 22.553
1498, 24.956
1499, 24.8561
1500, 25.2061
1501, 24.682
1502, 26.6259
1503, 26.0239
1504, 24.0469
1505, 26.8171
1506, 26.3338
1507, 25.408
1508, 21.8828
1509, 25.0568
1510, 24.8749
1511, 25.7149
1512, 25.2979
1513, 23.222
1514, 24.9772
1515, 24.893
1516, 26.0739
1517, 26.439
1518, 27.3631
1519, 24.2982
1520, 23.093
1521, 26.628
1522, 25.2059
1523, 25.7101
1524, 22.367
1525, 25.049
1526, 24.235
1527, 25.795
1528, 25.368
1529, 21.652
1530, 25.6011
1531, 24.0149
1532, 25.9602
1533, 24.797
1534, 25.2199
1535, 23.2329
1536, 24.2951
1537, 28.6071
1538, 24.6198
1539, 25.1908
1540, 21.7121
1541, 25.099
1542, 25.3241
1543, 27.0779
1544, 27.211
1545, 21.22
1546, 25.203
1547, 25.45
1548, 25.0821
1549, 27.565
1550, 24.7841
1551, 23.607
1552, 24.8241
1553, 26.654
1554, 25.727
1555, 26.9151
1556, 23.315
1557, 26.264
1558, 26.6471
1559, 27.6279
1560, 26.953
1561, 21.9898
1562, 28.5552
1563, 26.14
1564, 26.252
1565, 26.6039
1566, 26.7861
1567, 23.2921
1568, 27.056
1569, 26.113
1570, 26.9201
1571, 26.0761
1572, 24.0021
1573, 26.083
1574, 25.8369
1575, 26.5901
1576, 27.076
1577, 23.3059
1578, 26.8681
1579, 27.209
1580, 26.4571
1581, 27.159
1582, 25.558
1583, 23.1671
1584, 26.7689
1585, 27.18
1586, 25.0752
1587, 26.891
1588, 24.2469
1589, 25.0599
1590, 27.19
1591, 26.2001
1592, 27.498
1593, 23.1791
1594, 26.5
1595, 25.748
1596, 26.655
1597, 26.706
1598, 26.6612
1599, 23.1419
1600, 26.7038
1601, 27.3781
1602, 26.2642
1603, 26.7279
1604, 23.4051
1605, 26.9439
1606, 26.3741
1607, 25.795
1608, 27.7219
1609, 22.83
1610, 25.7051
1611, 27.4329
1612, 26.299
1613, 25.383
1614, 26.6869
1615, 23.2761
1616, 26.0031
1617, 26.602
1618, 27.148
1619, 26.3538
1620, 23.5848
1621, 26.0589
1622, 27.5049
1623, 26.3309
1624, 26.1939
1625, 22.5601
1626, 27.014
1627, 26.4299
1628, 26.6259
1629, 26.602
1630, 26.9101
1631, 23.0501
1632, 26.119
1633, 26.4571
1634, 26.263
1635, 26.7391
1636, 23.35
1637, 27.046
1638, 26.2411
1639, 26.3989
1640, 27.4551
1641, 23.0289
1642, 26.484
1643, 27.0309
1644, 26.1312
1645, 26.1669
1646, 27.6659
1647, 23.56
1648, 26.4571
1649, 26.706
1650, 26.8729
1651, 26.4089
1652, 23.118
1653, 26.036
1654, 27.2369
1655, 25.717
1656, 26.4201
1657, 23.823
1658, 27.1161
1659, 25.475
1660, 27.072
1661, 26.103
1662, 26.7911
1663, 23.098
1664, 26.119
1665, 27.482
1666, 26.592
1667, 26.9279
1668, 22.2721
1669, 26.8109
1670, 26.7739
1671, 26.545
1672, 26.5181
1673, 23.972
1674, 25.8558
1675, 27.6349
1676, 26.006
1677, 27.0631
1678, 27.5359
1679, 22.393
1680, 27.122
1681, 25.2829
1682, 27.7152
1683, 26.973
1684, 22.764
1685, 26.5379
1686, 27.4379
1687, 25.9922
1688, 26.5911
1689, 23.4008
1690, 26.8621
1691, 26.211
1692, 26.835
1693, 27.2961
1694, 26.7229
1695, 22.2619
1696, 26.6681
1697, 27.4911
1698, 25.538
1699, 26.5081
1700, 23.3021
1701, 26.654
1702, 26.72
1703, 27.5161
1704, 25.871
1705, 23.947
1706, 26.8459
1707, 27.0381
1708, 26.6931
1709, 26.9129
1710, 25.841
1711, 23.67
1712, 26.0301
1713, 26.6359
1714, 27.462
1715, 26.758
1716, 23.56
1717, 26.531
1718, 26.9461
1719, 26.0031
1720, 26.994
1721, 23.4561
1722, 26.9308
1723, 25.9891
1724, 26.268
1725, 27.046
1726, 26.9449
1727, 23.303
1728, 26.7711
1729, 26.655
1730, 26.0632
1731, 27.0009
1732, 23.8361
1733, 26.4058
1734, 26.6738
1735, 26.4702
1736, 25.7039
1737, 23.2532
1738, 26.0639
1739, 27.0059
1740, 26.6149
1741, 26.587
1742, 26.3891
1743, 23.139
1744, 27.1828
1745, 27.6079
1746, 25.8701
1747, 25.8739
1748, 24.009
1749, 25.598
1750, 28.0011
1751, 26.2129
1752, 26.0019
1753, 22.4309
1754, 28.414
1755, 28.07
1756, 28.671
1757, 27.9379
1758, 27.6661
1759, 25.2841
1760, 27.956
1761, 28.8532
1762, 28.42
1763, 28.311
1764, 24.096
1765, 28.2171
1766, 28.609
1767, 28.038
1768, 27.853
1769, 24.9598
1770, 28.5549
1771, 27.7119
1772, 28.8699
1773, 32.243
1774, 24.0748
1775, 23.216
1776, 26.3588
1777, 28.439
1778, 28.1861
1779, 27.791
1780, 25.4672
1781, 27.4971
1782, 28.3699
1783, 29.0611
1784, 27.7371
1785, 25.3379
1786, 27.2381
1787, 29.0151
1788, 28.6429
1789, 27.472
1790, 28.6
1791, 25.0371
1792, 29.052
1793, 28.0001
1794, 28.5549
1795, 28.5242
1796, 24.9751
1797, 27.5669
1798, 28.4629
1799, 28.4061
1800, 28.7371
1801, 24.1919
1802, 27.2908
1803, 26.9122
1804, 28.244
1805, 27.5199
1806, 28.2798
1807, 25.219
1808, 28.317
1809, 28.9521
1810, 28.4221
1811, 27.652
1812, 23.4699
1813, 27.184
1814, 27.1959
1815, 26.9489
1816, 28.3749
1817, 24.1098
1818, 26.947
1819, 27.6239
1820, 26.3951
1821, 27.566
1822, 27.4081
1823, 23.6819
1824, 26.948
1825, 27.2419
1826, 26.716
1827, 28.3291
1828, 23.2248
1829, 26.6459
1830, 27.7641
1831, 27.317
1832, 26.6359
1833, 23.6862
1834, 27.1699
1835, 25.6441
1836, 28.59
1837, 27.0689
1838, 27.5741
1839, 21.7991
1840, 26.7789
1841, 26.221
1842, 26.5632
1843, 26.2799
1844, 24.07
1845, 25.2411
1846, 27.9119
1847, 26.5999
1848, 26.134
1849, 23.654
1850, 26.3312
1851, 26.767
1852, 26.8841
1853, 26.942
1854, 26.3441
1855, 22.9959
1856, 26.6571
1857, 26.4769
1858, 25.6579
1859, 26.86
1860, 23.7679
1861, 27.004
1862, 27.6339
1863, 26.4108
1864, 27.0648
1865, 23.2151
1866, 26.9592
1867, 26.696
1868, 25.8861
1869, 26.406
1870, 27.0021
1871, 23.4859
1872, 26.3901
1873, 26.3681
1874, 26.835
1875, 27.5161
1876, 23.7198
1877, 25.6338
1878, 26.2618
1879, 24.863
1880, 26.334
1881, 21.3809
1882, 26.01
1883, 25.7511
1884, 25.4281
1885, 26.67
1886, 25.804
1887, 22.4771
1888, 26.0139
1889, 26.0329
1890, 26.8049
1891, 25.0731
1892, 24.147
1893, 27.2212
1894, 23.4768
1895, 26.3538
1896, 25.522
1897, 23.7739
1898, 25.836
1899, 27.2439
1900, 25.471
1901, 26.078
1902, 27.3349
1903, 22.9511
1904, 26.984
1905, 26.34
1906, 27.4339
1907, 26.6142
1908, 23.7079
1909, 27.1361
1910, 26.2821
1911, 26.2909
1912, 28.074
1913, 23.3209
1914, 26.3681
1915, 27.5161
1916, 26.8798
1917, 26.664
1918, 26.1841
1919, 23.7081
1920, 27.73
1921, 25.7239
1922, 27.0119
1923, 26.88
1924, 22.5949
1925, 26.0842
1926, 27.0751
1927, 26.2918
1928, 26.1252
1929, 22.9199
1930, 26.7882
1931, 26.67
1932, 26.7818
1933, 27.1978
1934, 26.0079
1935, 23.6909
1936, 26.5431
1937, 26.2549
1938, 26.391
1939, 26.8669
1940, 22.2499
1941, 27.9648
1942, 26.1271
1943, 27.087
1944, 27.1101
1945, 22.9418
1946, 26.412
1947, 26.7379
1948, 25.8172
1949, 26.8929
1950, 26.787
1951, 22.9151
1952, 27.19
1953, 26.078
1954, 27.9891
1955, 26.3829
1956, 23.1149
1957, 27.3831
1958, 26.9401
1959, 26.598
1960, 26.7251
1961, 24.43
1962, 26.0649
1963, 26.4778
1964, 26.1469
1965, 26.5932
1966, 26.5639
1967, 22.4261
1968, 27.257
1969, 26.3
1970, 26.4649
1971, 27.1761
1972, 21.883
1973, 26.68
1974, 25.4691
1975, 27.385
1976, 25.727
1977, 23.1001
1978, 27.2171
1979, 26.3751
1980, 26.484
1981, 26.6919
1982, 26.118
1983, 23.5152
1984, 25.9008
1985, 26.3338
1986, 27.8509
1987, 26.3479
1988, 24.3161
1989, 25.135
1990, 26.2439
1991, 25.686
1992, 25.29
1993, 22.2161
1994, 27.2899
1995, 24.8842
1996, 26.088
1997, 26.2239
1998, 25.908
1999, 21.898
2000, 26.793
2001, 27.1471
2002, 26.4649
2003, 25.9581
2004, 23.1349
2005, 26.9501
2006, 26.511
2007, 25.528
2008, 28.1401
2009, 22.773
2010, 28.0001
2011, 26.1531
2012, 26.716
2013, 26.5989
2014, 26.1331
2015, 24.013
2016, 26.746
2017, 26.1581
2018, 26.6521
2019, 27.41
2020, 23.273
2021, 27.045
2022, 27.0841
2023, 26.8459
2024, 26.5391
2025, 22.9671
2026, 27.03
2027, 26.8409
2028, 26.989
2029, 26.937
2030, 27.6518
2031, 22.712
2032, 26.8939
2033, 25.7099
2034, 28.064
2035, 26.5238
2036, 24.286
2037, 25.1591
2038, 27.5319
2039, 27.1709
2040, 28.604
2041, 20.494
2042, 26.6709
2043, 26.825
2044, 27.0751
2045, 26.5231
2046, 26.197
2047, 22.958
2048, 25.1641
2049, 25.1551
2050, 25.4898
2051, 24.8129
2052, 22.0251
2053, 25.712
2054, 24.852
2055, 25.691
2056, 23.932
2057, 22.907
2058, 25.4989
2059, 26.4621
2060, 26.329
2061, 26.638
2062, 26.886
2063, 23.3481
2064, 26.639
2065, 27.4172
2066, 26.412
2067, 25.9221
2068, 24.271
2069, 26.0489
2070, 27.2021
2071, 26.427
2072, 26.732
2073, 23.9952
2074, 27.6699
2075, 25.5811
2076, 26.5849
2077, 27.4031
2078, 26.593
2079, 23.33
2080, 26.7088
2081, 26.793
2082, 26.715
2083, 26.721
2084, 23.2451
2085, 26.1459
2086, 26.788
2087, 26.8118
2088, 26.9001
2089, 23.5481
2090, 26.7339
2091, 25.593
2092, 26.551
2093, 27.451
2094, 27.1649
2095, 21.003
2096, 26.7379
