0, 0.000953674
1, 0.000953674
2, 0
3, 0
4, 0
5, 0.000953674
6, 0.000953674
7, 0.000953674
8, 0.000953674
9, 0.000953674
10, 0
11, 0.000953674
12, 0.000953674
13, 0.000953674
14, 0.00119209
15, 0.000953674
16, 0
17, 0.00119209
18, 0.000953674
19, 0.000953674
20, 0.000953674
21, 0.000953674
22, 0
23, 0
24, 0
25, 0
26, 0.00119209
27, 0.000953674
28, 0.000953674
29, 0.000953674
30, 0
31, 0.000953674
32, 0.000953674
33, 0.000953674
34, 0.000953674
35, 0
36, 0
37, 0.000953674
38, 0.000953674
39, 0.000953674
40, 0.00119209
41, 0
42, 0
43, 0.00119209
44, 0.000953674
45, 0.000953674
46, 0.000953674
47, 0
48, 0.000953674
49, 0.000953674
50, 0
51, 0
52, 0.000953674
53, 0.000953674
54, 0.000953674
55, 0.000953674
56, 0
57, 0.000953674
58, 0.000953674
59, 0.00119209
60, 0.000953674
61, 0
62, 0
63, 0.000953674
64, 0.000953674
65, 0.00119209
66, 0
67, 0
68, 0.00119209
69, 0.000953674
70, 0.000953674
71, 0.000953674
72, 0
73, 0.00119209
74, 0
75, 0
76, 0.00119209
77, 0.000953674
78, 0.000953674
79, 0.000953674
80, 0
81, 0.000953674
82, 0.000953674
83, 0.000953674
84, 0.00119209
85, 0
86, 0
87, 0.000953674
88, 0.000953674
89, 0.000953674
90, 0.00119209
91, 0
92, 0.000953674
93, 0.00119209
94, 0.000953674
95, 0.000953674
96, 0
97, 0.000953674
98, 0.000953674
99, 0.000953674
100, 0
101, 0.000953674
102, 0.000953674
103, 0.00119209
104, 0.000953674
105, 0
106, 0.00119209
107, 0.000953674
108, 0.000953674
109, 0.000953674
110, 0
111, 0.000953674
112, 0.000953674
113, 0.000953674
114, 0.000953674
115, 0
116, 0
117, 0.000953674
118, 0.000953674
119, 0.000953674
120, 0
121, 0.000953674
122, 0.00119209
123, 0.000953674
124, 0
125, 0.00119209
126, 0.000953674
127, 0.000953674
128, 0.000953674
129, 0
130, 0.000953674
131, 0.00119209
132, 0.000953674
133, 0.000953674
134, 0
135, 0
136, 0.000953674
137, 0.000953674
138, 0.000953674
139, 0
140, 0
141, 0.000953674
142, 0.00119209
143, 0.000953674
144, 0.000953674
145, 0
146, 0.000953674
147, 0.000953674
148, 0.000953674
149, 0.000953674
150, 0
151, 0.000953674
152, 0.000953674
153, 0.00119209
154, 0.000953674
155, 0
156, 0
157, 0.000953674
158, 0.000953674
159, 0.000953674
160, 0
161, 0
162, 0.000953674
163, 0.000953674
164, 0.00119209
165, 0.000953674
166, 0.000953674
167, 0.000953674
168, 0.000953674
169, 0
170, 0.000953674
171, 0.000953674
172, 0.000953674
173, 0.000953674
174, 0
175, 0
176, 0.000953674
177, 0.00119209
178, 0.000953674
179, 0.000953674
180, 0.00119209
181, 0
182, 0
183, 0.00119209
184, 0.000953674
185, 0.000953674
186, 0.000953674
187, 0.000953674
188, 0
189, 0.000953674
190, 0.000953674
191, 0.00119209
192, 0.000953674
193, 0.000953674
194, 0
195, 0
196, 0.000953674
197, 0.000953674
198, 0.000953674
199, 0.00119209
200, 0.000953674
201, 0
202, 0.00119209
203, 0.000953674
204, 0.000953674
205, 0
206, 0.000953674
207, 0.000953674
208, 0.000953674
209, 0.00119209
210, 0.000953674
211, 0.000953674
212, 0.000953674
213, 0.000953674
214, 0.000953674
215, 0.000953674
216, 0.000953674
217, 0.00119209
218, 0.000953674
219, 0.00119209
220, 0.000953674
221, 0.000953674
222, 0
223, 0.000953674
224, 0.00119209
225, 0.013113
226, 0.00119209
227, 0.000953674
228, 0.000953674
229, 0.00119209
230, 0.000953674
231, 0
232, 0
233, 0
234, 0
235, 0
236, 0
237, 0.000953674
238, 0.000953674
239, 0.000953674
240, 0.000953674
241, 0.00119209
242, 0.000953674
243, 0.00119209
244, 0.000953674
245, 0.000953674
246, 0.000953674
247, 0.000953674
248, 0.00119209
249, 0.000953674
250, 0.000953674
251, 0.000953674
252, 0
253, 0
254, 0
255, 0
256, 0
257, 0.000953674
258, 0.000953674
259, 0.000953674
260, 0.000953674
261, 0.000953674
262, 0.000953674
263, 0.00119209
264, 0.000953674
265, 0.000953674
266, 0
267, 0.000953674
268, 0.000953674
269, 0.000953674
270, 0.00119209
271, 0.000953674
272, 0.000953674
273, 0.000953674
274, 0.000953674
275, 0.000953674
276, 0.000953674
277, 0.000953674
278, 0.00119209
279, 0.000953674
280, 0.000953674
281, 0.000953674
282, 0.000953674
283, 0
284, 0
285, 0
286, 0
287, 0
288, 0
289, 0.000953674
290, 0.000953674
291, 0.000953674
292, 0.000953674
293, 0.00119209
294, 0
295, 0
296, 0
297, 0
298, 0
299, 0
300, 0.00119209
301, 0.000953674
302, 0.000953674
303, 0.000953674
304, 0.000953674
305, 0.000953674
306, 0.000953674
307, 0.000953674
308, 0.00119209
309, 0.000953674
310, 0.000953674
311, 0.000953674
312, 0.000953674
313, 0.00119209
314, 0.000953674
315, 0.00119209
316, 0.000953674
317, 0.000953674
318, 0.000953674
319, 0.000953674
320, 0
321, 0
322, 0
323, 0
324, 0
325, 0.00119209
326, 0.000953674
327, 0.000953674
328, 0.000953674
329, 0.000953674
330, 0.00119209
331, 0.000953674
332, 0.000953674
333, 0
334, 0
335, 0
336, 0
337, 0.000953674
338, 0
339, 0
340, 0.000953674
341, 0.000953674
342, 0.00119209
343, 0.000953674
344, 0.000953674
345, 0.000953674
346, 0.000953674
347, 0.00119209
348, 0.000953674
349, 0
350, 0
351, 0
352, 0.00119209
353, 0.000953674
354, 0.000953674
355, 0.000953674
356, 0.000953674
357, 0.00119209
358, 0.000953674
359, 0.000953674
360, 0.000953674
361, 0.000953674
362, 0.000953674
363, 0.000953674
364, 0.00119209
365, 0.000953674
366, 0.000953674
367, 0.00119209
368, 0
369, 0
370, 0
371, 0
372, 0.000953674
373, 0.000953674
374, 0.00119209
375, 0.000953674
376, 0.000953674
377, 0.000953674
378, 0.000953674
379, 0.00119209
380, 0.000953674
381, 0
382, 0
383, 0
384, 0
385, 0.000953674
386, 0
387, 0.000953674
388, 0.000953674
389, 0.00119209
390, 0
391, 0
392, 0
393, 0.000953674
394, 0.000953674
395, 0.000953674
396, 0.00119209
397, 0.000953674
398, 0.000953674
399, 0.000953674
400, 0.000953674
401, 0.00119209
402, 0
403, 0
404, 0
405, 0.000953674
406, 0.00119209
407, 0.000953674
408, 0.000953674
409, 0.000953674
410, 0.00119209
411, 0.000953674
412, 0.000953674
413, 0
414, 0
415, 0
416, 0
417, 0.000953674
418, 0.000953674
419, 0.000953674
420, 0.00119209
421, 0.000953674
422, 0.000953674
423, 0.000953674
424, 0.000953674
425, 0.00119209
426, 0.000953674
427, 0.000953674
428, 0.000953674
429, 0.000953674
430, 0
431, 0.000953674
432, 0.00119209
433, 0.000953674
434, 0.000953674
435, 0.000953674
436, 0.000953674
437, 0.00119209
438, 0.000953674
439, 0.000953674
440, 0.000953674
441, 0.000953674
442, 0.00119209
443, 0.000953674
444, 0
445, 0
446, 0
447, 0.000953674
448, 0.000953674
449, 0.000953674
450, 0.000953674
451, 0.000953674
452, 0.00119209
453, 0.000953674
454, 0.000953674
455, 0.000953674
456, 0
457, 0
458, 0
459, 0.000953674
460, 0.000953674
461, 0.00119209
462, 0.000953674
463, 0.000953674
464, 0.00119209
465, 0.000953674
466, 0.000953674
467, 0.000953674
468, 0.000953674
469, 0
470, 0
471, 0
472, 0.000953674
473, 0.000953674
474, 0.000953674
475, 0.000953674
476, 0.00119209
477, 0.000953674
478, 0.000953674
479, 0.00119209
480, 0.000953674
481, 0.00119209
482, 0.000953674
483, 0.000953674
484, 0.000953674
485, 0.000953674
486, 0.00119209
487, 0.000953674
488, 0
489, 0
490, 0
491, 0.000953674
492, 0.000953674
493, 0.000953674
494, 0.000953674
495, 0.000953674
496, 0.00119209
497, 0.000953674
498, 0.000953674
499, 0.000953674
500, 0
501, 0
502, 0
503, 0
504, 0.000953674
505, 0.000953674
506, 0.000953674
507, 0.000953674
508, 0.000953674
509, 0.00119209
510, 0.000953674
511, 0.000953674
512, 0.000953674
513, 0.000953674
514, 0
515, 0
516, 0
517, 0.000953674
518, 0.000953674
519, 0.000953674
520, 0.000953674
521, 0.00119209
522, 0.000953674
523, 0.000953674
524, 0.00119209
525, 0.000953674
526, 0
527, 0
528, 0.000953674
529, 0.000953674
530, 0.000953674
531, 0.00119209
532, 0.000953674
533, 0
534, 0
535, 0
536, 0.000953674
537, 0.000953674
538, 0.000953674
539, 0.000953674
540, 0.000953674
541, 0.00119209
542, 0.000953674
543, 0.000953674
544, 0.000953674
545, 0
546, 0
547, 0
548, 0
549, 0.000953674
550, 0.000953674
551, 0.000953674
552, 0.000953674
553, 0.000953674
554, 0.000953674
555, 0.000953674
556, 0
557, 0
558, 0
559, 0.000953674
560, 0.000953674
561, 0.000953674
562, 0.000953674
563, 0.00119209
564, 0.000953674
565, 0.000953674
566, 0.000953674
567, 0.000953674
568, 0
569, 0
570, 0
571, 0.000953674
572, 0.000953674
573, 0.00119209
574, 0.000953674
575, 0.000953674
576, 0
577, 0
578, 0.000953674
579, 0.000953674
580, 0.00119209
581, 0.000953674
582, 0.000953674
583, 0.00119209
584, 0.000953674
585, 0.000953674
586, 0.000953674
587, 0
588, 0
589, 0
590, 0.00119209
591, 0.000953674
592, 0.000953674
593, 0.000953674
594, 0.000953674
595, 0.00119209
596, 0.000953674
597, 0.000953674
598, 0.000953674
599, 0.000953674
600, 0.00119209
601, 0.000953674
602, 0.000953674
603, 0.000953674
604, 0.000953674
605, 0.00119209
606, 0.000953674
607, 0.000953674
608, 0.000953674
609, 0
610, 0
611, 0
612, 0.00119209
613, 0.000953674
614, 0.000953674
615, 0.00119209
616, 0.000953674
617, 0.000953674
618, 0.000953674
619, 0.000953674
620, 0.00119209
621, 0.000953674
622, 0.000953674
623, 0
624, 0
625, 0.000953674
626, 0.000953674
627, 0.00119209
628, 0.000953674
629, 0.000953674
630, 0.00119209
631, 0.000953674
632, 0.000953674
633, 0.000953674
634, 0.000953674
635, 0.00119209
636, 0.000953674
637, 0.000953674
638, 0.000953674
639, 0.000953674
640, 0.00119209
641, 0
642, 0
643, 0
644, 0
645, 0.00119209
646, 0.000953674
647, 0.000953674
648, 0.000953674
649, 0.000953674
650, 0.000953674
651, 0.00119209
652, 0.000953674
653, 0.00119209
654, 0.000953674
655, 0.000953674
656, 0.000953674
657, 0.000953674
658, 0.000953674
659, 0
660, 0.000953674
661, 0.000953674
662, 0.000953674
663, 0
664, 0.000953674
665, 0.000953674
666, 0.000953674
667, 0.000953674
668, 0.000953674
669, 0.00119209
670, 0
671, 0.000953674
672, 0
673, 0.000953674
674, 0.000953674
675, 0.000953674
676, 0
677, 0.000953674
678, 0.000953674
679, 0
680, 0.000953674
681, 0.00119209
682, 0.000953674
683, 0
684, 0.000953674
685, 0.000953674
686, 0.000953674
687, 0
688, 0.000953674
689, 0.000953674
690, 0.000953674
691, 0.000953674
692, 0.000953674
693, 0.000953674
694, 0
695, 0.000953674
696, 0.00119209
697, 0.000953674
698, 0.000953674
699, 0.000953674
700, 0.000953674
701, 0.000953674
702, 0.000953674
703, 0.000953674
704, 0.000953674
705, 0.000953674
706, 0.000953674
707, 0
708, 0.000953674
709, 0.000953674
710, 0.00119209
711, 0
712, 0.00119209
713, 0.000953674
714, 0.000953674
715, 0
716, 0.000953674
717, 0.00119209
718, 0.000953674
719, 0
720, 0.000953674
721, 0.000953674
722, 0
723, 0.000953674
724, 0.000953674
725, 0.00119209
726, 0.000953674
727, 0.00119209
728, 0.000953674
729, 0.000953674
730, 0
731, 0.000953674
732, 0.00119209
733, 0.000953674
734, 0
735, 0.000953674
736, 0.000953674
737, 0.000953674
738, 0
739, 0.000953674
740, 0.000953674
741, 0.00119209
742, 0
743, 0.00119209
744, 0
745, 0.00119209
746, 0.000953674
747, 0.000953674
748, 0.000953674
749, 0.000953674
750, 0.000953674
751, 0.000953674
752, 0.000953674
753, 0.000953674
754, 0.00119209
755, 0.000953674
756, 0.00119209
757, 0.000953674
758, 0.000953674
759, 0.00119209
760, 0
761, 0.00119209
762, 0.000953674
763, 0.000953674
764, 0.000953674
765, 0.000953674
766, 0.000953674
767, 0
768, 0.000953674
769, 0.000953674
770, 0.000953674
771, 0
772, 0.00119209
773, 0.000953674
774, 0.000953674
775, 0
776, 0.000953674
777, 0.000953674
778, 0.000953674
779, 0
780, 0.000953674
781, 0.00119209
782, 0.000953674
783, 0
784, 0.000953674
785, 0.000953674
786, 0.00119209
787, 0
788, 0.00119209
789, 0.000953674
790, 0.000953674
791, 0.000953674
792, 0
793, 0.000953674
794, 0.00119209
795, 0.000953674
796, 0
797, 0.000953674
798, 0.000953674
799, 0.00119209
800, 0
801, 0.00119209
802, 0.000953674
803, 0.000953674
804, 0
805, 0.000953674
806, 0.000953674
807, 0.000953674
808, 0
809, 0.000953674
810, 0.00119209
811, 0.000953674
812, 0
813, 0.000953674
814, 0.000953674
815, 0.000953674
816, 0
817, 0.000953674
818, 0.000953674
819, 0.00119209
820, 0
821, 0.00119209
822, 0.000953674
823, 0.000953674
824, 0
825, 0.00119209
826, 0
827, 0
828, 0
829, 0
830, 0
831, 0
832, 0
833, 0
834, 0
835, 0.00309944
836, 0.000953674
837, 0.000953674
838, 0.000953674
839, 0.000953674
840, 0.000953674
841, 0.000953674
842, 0.000953674
843, 0.00119209
844, 0.000953674
845, 0.00119209
846, 0.000953674
847, 0.000953674
848, 0.000953674
849, 0.000953674
850, 0.000953674
851, 0.000953674
852, 0.00119209
853, 0.000953674
854, 0.00119209
855, 0
856, 0.00405312
857, 0.00119209
858, 0
859, 0.00119209
860, 0.000953674
861, 0
862, 0
863, 0.000953674
864, 0
865, 0.000953674
866, 0.000953674
867, 0.000953674
868, 0.000953674
869, 0.000953674
870, 0.000953674
871, 0.000953674
872, 0.000953674
873, 0.000953674
874, 0.000953674
875, 0
876, 0.000953674
877, 0.00119209
878, 0
879, 0.00119209
880, 0.000953674
881, 0.000953674
882, 0.000953674
883, 0.000953674
884, 0.000953674
885, 0.00119209
886, 0.000953674
887, 0.000953674
888, 0.000953674
889, 0.000953674
890, 0
891, 0.000953674
892, 0.000953674
893, 0
894, 0.00119209
895, 0.000953674
896, 0
897, 0.000953674
898, 0.000953674
899, 0.000953674
900, 0.000953674
901, 0
902, 0.000953674
903, 0.000953674
904, 0
905, 0.000953674
906, 0
907, 0.000953674
908, 0.000953674
909, 0.000953674
910, 0.000953674
911, 0.000953674
912, 0.000953674
913, 0.000953674
914, 0.000953674
915, 0.000953674
916, 0.000953674
917, 0
918, 0
919, 0
920, 0.00119209
921, 0.000953674
922, 0.000953674
923, 0.000953674
924, 0.000953674
925, 0.00119209
926, 0.000953674
927, 0.000953674
928, 0.000953674
929, 0
930, 0
931, 0
932, 0.000953674
933, 0.000953674
934, 0.00119209
935, 0.000953674
936, 0
937, 0
938, 0
939, 0
940, 0.000953674
941, 0.00119209
942, 0.000953674
943, 0.000953674
944, 0.000953674
945, 0.000953674
946, 0
947, 0
948, 0
949, 0.000953674
950, 0.000953674
951, 0.00119209
952, 0.000953674
953, 0.000953674
954, 0.000953674
955, 0.000953674
956, 0.00119209
957, 0.000953674
958, 0
959, 0
960, 0
961, 0.000953674
962, 0.000953674
963, 0.00119209
964, 0.000953674
965, 0.000953674
966, 0.000953674
967, 0.000953674
968, 0.00119209
969, 0.000953674
970, 0.000953674
971, 0
972, 0
973, 0
974, 0.000953674
975, 0.000953674
976, 0.000953674
977, 0.000953674
978, 0.00119209
979, 0.000953674
980, 0.000953674
981, 0.000953674
982, 0.000953674
983, 0.000953674
984, 0
985, 0
986, 0
987, 0.00119209
988, 0.000953674
989, 0.000953674
990, 0.00119209
991, 0.000953674
992, 0.000953674
993, 0.000953674
994, 0.000953674
995, 0.00119209
996, 0
997, 0
998, 0
999, 0.000953674
1000, 0.000953674
1001, 0.000953674
1002, 0.00119209
1003, 0.000953674
1004, 0
1005, 0
1006, 0
1007, 0
1008, 0.000953674
1009, 0.000953674
1010, 0.000953674
1011, 0.000953674
1012, 0.00119209
1013, 0.000953674
1014, 0.000953674
1015, 0.000953674
1016, 0.000953674
1017, 0.00119209
1018, 0.000953674
1019, 0.000953674
1020, 0.00119209
1021, 0.000953674
1022, 0.000953674
1023, 0
1024, 0
1025, 0
1026, 0
1027, 0
1028, 0.000953674
1029, 0.000953674
1030, 0.000953674
1031, 0.000953674
1032, 0
1033, 0
1034, 0
1035, 0
1036, 0
1037, 0.00119209
1038, 0.000953674
1039, 0.000953674
1040, 0.000953674
1041, 0.000953674
1042, 0.00119209
1043, 0.000953674
1044, 0.000953674
1045, 0.000953674
1046, 0.000953674
1047, 0.00119209
1048, 0.000953674
1049, 0.000953674
1050, 0.00119209
1051, 0.000953674
1052, 0.00119209
1053, 0.000953674
1054, 0.000953674
1055, 0.000953674
1056, 0.000953674
1057, 0.00119209
1058, 0.000953674
1059, 0.000953674
1060, 0.000953674
1061, 0
1062, 0
1063, 0
1064, 0.000953674
1065, 0.000953674
1066, 0.000953674
1067, 0.00119209
1068, 0.000953674
1069, 0.000953674
1070, 0.000953674
1071, 0.000953674
1072, 0.00119209
1073, 0.000953674
1074, 0
1075, 0
1076, 0.000953674
1077, 0.000953674
1078, 0.000953674
1079, 0.000953674
1080, 0.000953674
1081, 0.000953674
1082, 0.00119209
1083, 0
1084, 0
1085, 0
1086, 0.000953674
1087, 0.000953674
1088, 0.000953674
1089, 0.00119209
1090, 0.000953674
1091, 0.000953674
1092, 0.000953674
1093, 0.000953674
1094, 0.00119209
1095, 0.000953674
1096, 0
1097, 0
1098, 0
1099, 0.00119209
1100, 0.000953674
1101, 0.00119209
1102, 0.000953674
1103, 0.000953674
1104, 0.000953674
1105, 0.000953674
1106, 0.00119209
1107, 0
1108, 0
1109, 0
1110, 0
1111, 0.00119209
1112, 0.000953674
1113, 0.000953674
1114, 0.000953674
1115, 0.000953674
1116, 0.00119209
1117, 0.000953674
1118, 0.000953674
1119, 0
1120, 0
1121, 0
1122, 0.000953674
1123, 0.00119209
1124, 0.000953674
1125, 0.000953674
1126, 0
1127, 0
1128, 0
1129, 0
1130, 0.000953674
1131, 0.000953674
1132, 0.000953674
1133, 0.00119209
1134, 0.000953674
1135, 0.000953674
1136, 0.000953674
1137, 0.000953674
1138, 0.00119209
1139, 0
1140, 0
1141, 0
1142, 0.000953674
1143, 0.00119209
1144, 0.000953674
1145, 0.000953674
1146, 0.000953674
1147, 0
1148, 0
1149, 0
1150, 0.00119209
1151, 0.000953674
1152, 0.000953674
1153, 0.000953674
1154, 0.000953674
1155, 0.000953674
1156, 0.000953674
1157, 0.000953674
1158, 0
1159, 0
1160, 0
1161, 0.000953674
1162, 0.000953674
1163, 0.000953674
1164, 0.000953674
1165, 0.00119209
1166, 0.000953674
1167, 0.000953674
1168, 0.000953674
1169, 0.000953674
1170, 0.00119209
1171, 0.000953674
1172, 0.000953674
1173, 0.000953674
1174, 0.00119209
1175, 0.000953674
1176, 0.00190735
1177, 0.00119209
1178, 0.000953674
1179, 0.000953674
1180, 0.000953674
1181, 0.00190735
1182, 0.000953674
1183, 0.00214577
1184, 0.000953674
1185, 0.000953674
1186, 0.00214577
1187, 0.000953674
1188, 0.000953674
1189, 0.000953674
1190, 0.000953674
1191, 0.000953674
1192, 0.000953674
1193, 0.00190735
1194, 0.000953674
1195, 0.000953674
1196, 0.000953674
1197, 0.000953674
1198, 0.00190735
1199, 0.00119209
1200, 0.000953674
1201, 0.000953674
1202, 0.00119209
1203, 0.00190735
1204, 0.000953674
1205, 0.00119209
1206, 0.000953674
1207, 0.000953674
1208, 0.00214577
1209, 0.000953674
1210, 0.000953674
1211, 0.00119209
1212, 0.000953674
1213, 0.00190735
1214, 0.00119209
1215, 0.000953674
1216, 0.00190735
1217, 0.000953674
1218, 0.000953674
1219, 0.000953674
1220, 0.000953674
1221, 0.000953674
1222, 0.000953674
1223, 0.00190735
1224, 0.000953674
1225, 0.000953674
1226, 0.000953674
1227, 0.00119209
1228, 0.00190735
1229, 0.000953674
1230, 0.00119209
1231, 0.00190735
1232, 0.000953674
1233, 0.00119209
1234, 0.000953674
1235, 0.000953674
1236, 0.000953674
1237, 0.00190735
1238, 0.000953674
1239, 0.000953674
1240, 0.000953674
1241, 0.000953674
1242, 0.00214577
1243, 0.00214577
1244, 0.000953674
1245, 0.00119209
1246, 0.00190735
1247, 0.000953674
1248, 0.00119209
1249, 0.00190735
1250, 0.000953674
1251, 0.00119209
1252, 0.00190735
1253, 0.000953674
1254, 0.00119209
1255, 0.00190735
1256, 0.000953674
1257, 0.000953674
1258, 0.000953674
1259, 0.000953674
1260, 0.000953674
1261, 0.000953674
1262, 0.000953674
1263, 0.000953674
1264, 0.000953674
1265, 0.000953674
1266, 0.00119209
1267, 0.000953674
1268, 0.000953674
1269, 0.00214577
1270, 0.000953674
1271, 0.000953674
1272, 0.00214577
1273, 0.000953674
1274, 0.000953674
1275, 0.00119209
1276, 0.000953674
1277, 0.00190735
1278, 0.00119209
1279, 0.000953674
1280, 0.00190735
1281, 0.00119209
1282, 0.000953674
1283, 0.000953674
1284, 0.000953674
1285, 0.00190735
1286, 0.000953674
1287, 0.000953674
1288, 0.000953674
1289, 0.000953674
1290, 0.000953674
1291, 0.00214577
1292, 0.000953674
1293, 0.00119209
1294, 0.00190735
1295, 0.000953674
1296, 0.00119209
1297, 0.000953674
1298, 0.000953674
1299, 0.00214577
1300, 0.000953674
1301, 0.000953674
1302, 0.000953674
1303, 0.000953674
1304, 0.000953674
1305, 0.00119209
1306, 0.000953674
1307, 0.00190735
1308, 0.00119209
1309, 0.000953674
1310, 0.000953674
1311, 0.00119209
1312, 0.000953674
1313, 0.000953674
1314, 0.000953674
1315, 0.00214577
1316, 0.000953674
1317, 0.000953674
1318, 0.00119209
1319, 0.000953674
1320, 0.00190735
1321, 0.00119209
1322, 0.000953674
1323, 0.00214577
1324, 0.000953674
1325, 0.00190735
1326, 0.000953674
1327, 0.000953674
1328, 0.000953674
1329, 0.000953674
1330, 0.00214577
1331, 0.000953674
1332, 0.00119209
1333, 0.000953674
1334, 0.000953674
1335, 0.00214577
1336, 0.000953674
1337, 0.000953674
1338, 0.000953674
1339, 0.000953674
1340, 0.000953674
1341, 0.000953674
1342, 0
1343, 0
1344, 0.000953674
1345, 0.00119209
1346, 0.000953674
1347, 0.000953674
1348, 0.000953674
1349, 0.000953674
1350, 0.00119209
1351, 0.000953674
1352, 0
1353, 0
1354, 0.000953674
1355, 0.00119209
1356, 0.000953674
1357, 0.000953674
1358, 0.000953674
1359, 0.000953674
1360, 0.00119209
1361, 0
1362, 0.000953674
1363, 0.000953674
1364, 0.000953674
1365, 0.00119209
1366, 0.000953674
1367, 0
1368, 0
1369, 0.000953674
1370, 0.00119209
1371, 0.000953674
1372, 0.000953674
1373, 0.000953674
1374, 0.000953674
1375, 0.00119209
1376, 0
1377, 0
1378, 0
1379, 0.000953674
1380, 0.000953674
1381, 0.000953674
1382, 0.00119209
1383, 0.000953674
1384, 0.000953674
1385, 0.000953674
1386, 0
1387, 0
1388, 0
1389, 0.000953674
1390, 0.00119209
1391, 0.000953674
1392, 0.000953674
1393, 0.000953674
1394, 0.000953674
1395, 0.00119209
1396, 0.000953674
1397, 0.000953674
1398, 0
1399, 0
1400, 0
1401, 0.000953674
1402, 0.000953674
1403, 0.000953674
1404, 0.000953674
1405, 0.00119209
1406, 0.000953674
1407, 0.000953674
1408, 0.000953674
1409, 0
1410, 0
1411, 0.000953674
1412, 0.000953674
1413, 0.00119209
1414, 0.00905991
1415, 0.00119209
1416, 0.000953674
1417, 0.000953674
1418, 0
1419, 0
1420, 0.000953674
1421, 0.000953674
1422, 0.00119209
1423, 0.000953674
1424, 0.000953674
1425, 0.00119209
1426, 0.000953674
1427, 0.000953674
1428, 0
1429, 0
1430, 0
1431, 0.000953674
1432, 0.00119209
1433, 0.000953674
1434, 0.000953674
1435, 0.000953674
1436, 0.000953674
1437, 0.00119209
1438, 0.000953674
1439, 0.000953674
1440, 0.00119209
1441, 0.000953674
1442, 0.000953674
1443, 0
1444, 0
1445, 0
1446, 0
1447, 0.00119209
1448, 0.000953674
1449, 0.000953674
1450, 0.000953674
1451, 0.000953674
1452, 0.00119209
1453, 0.000953674
1454, 0
1455, 0
1456, 0
1457, 0
1458, 0
1459, 0.000953674
1460, 0.00119209
1461, 0.000953674
1462, 0.000953674
1463, 0.000953674
1464, 0.000953674
1465, 0.00119209
1466, 0.000953674
1467, 0.000953674
1468, 0.000953674
1469, 0
1470, 0
1471, 0
1472, 0.000953674
1473, 0.000953674
1474, 0.000953674
1475, 0.00119209
1476, 0.000953674
1477, 0.000953674
1478, 0.000953674
1479, 0.000953674
1480, 0
1481, 0
1482, 0.000953674
1483, 0.000953674
1484, 0.000953674
1485, 0.000953674
1486, 0.000953674
1487, 0.000953674
1488, 0.00119209
1489, 0.000953674
1490, 0
1491, 0
1492, 0
1493, 0
1494, 0.000953674
1495, 0.00119209
1496, 0.000953674
1497, 0.000953674
1498, 0.000953674
1499, 0.000953674
1500, 0.00119209
1501, 0
1502, 0
1503, 0
1504, 0.000953674
1505, 0.00190735
1506, 0.000953674
1507, 0.00119209
1508, 0.000953674
1509, 0.000953674
1510, 0.00214577
1511, 0.000953674
1512, 0.000953674
1513, 0.00119209
1514, 0.000953674
1515, 0.000953674
1516, 0.00119209
1517, 0.00190735
1518, 0.000953674
1519, 0.00214577
1520, 0.000953674
1521, 0.000953674
1522, 0.00119209
1523, 0.000953674
1524, 0.00190735
1525, 0.00119209
1526, 0.00190735
1527, 0.000953674
1528, 0.000953674
1529, 0.000953674
1530, 0.000953674
1531, 0.00119209
1532, 0.000953674
1533, 0.00190735
1534, 0.00119209
1535, 0.000953674
1536, 0.000953674
1537, 0.000953674
1538, 0.00190735
1539, 0.000953674
1540, 0.000953674
1541, 0.000953674
1542, 0.000953674
1543, 0.00214577
1544, 0.000953674
1545, 0.00190735
1546, 0.000953674
1547, 0.000953674
1548, 0.000953674
1549, 0.000953674
1550, 0.00190735
1551, 0.000953674
1552, 0.00190735
1553, 0.000953674
1554, 0.000953674
1555, 0.000953674
1556, 0.00119209
1557, 0.00190735
1558, 0.000953674
1559, 0.00119209
1560, 0.000953674
1561, 0.000953674
1562, 0.00214577
1563, 0.000953674
1564, 0.000953674
1565, 0.00119209
1566, 0.000953674
1567, 0.00190735
1568, 0.00119209
1569, 0.000953674
1570, 0.000953674
1571, 0.00119209
1572, 0.000953674
1573, 0.000953674
1574, 0.00119209
1575, 0.000953674
1576, 0.000953674
1577, 0.000953674
1578, 0.000953674
1579, 0.000953674
1580, 0.000953674
1581, 0.00214577
1582, 0.000953674
1583, 0.000953674
1584, 0.000953674
1585, 0.000953674
1586, 0.00214577
1587, 0.000953674
1588, 0.000953674
1589, 0.000953674
1590, 0.000953674
1591, 0.00190735
1592, 0.000953674
1593, 0.000953674
1594, 0.000953674
1595, 0.00119209
1596, 0.00190735
1597, 0.000953674
1598, 0.00119209
1599, 0.000953674
1600, 0.000953674
1601, 0.000953674
1602, 0.00119209
1603, 0.000953674
1604, 0.00190735
1605, 0.00119209
1606, 0.000953674
1607, 0.000953674
1608, 0.00119209
1609, 0.00190735
1610, 0.000953674
1611, 0.00119209
1612, 0.000953674
1613, 0.000953674
1614, 0.00214577
1615, 0.000953674
1616, 0.000953674
1617, 0.00119209
1618, 0.000953674
1619, 0.000953674
1620, 0.00119209
1621, 0.000953674
1622, 0.00190735
1623, 0.000953674
1624, 0.000953674
1625, 0.00190735
1626, 0.000953674
1627, 0.000953674
1628, 0.000953674
1629, 0.000953674
1630, 0.00214577
1631, 0.000953674
1632, 0.00119209
1633, 0.000953674
1634, 0.000953674
1635, 0.00214577
1636, 0.000953674
1637, 0.000953674
1638, 0.000953674
1639, 0.000953674
1640, 0.00190735
1641, 0.000953674
1642, 0.000953674
1643, 0.000953674
1644, 0.00119209
1645, 0.00190735
1646, 0.000953674
1647, 0.000953674
1648, 0.00119209
1649, 0.000953674
1650, 0.000953674
1651, 0.000953674
1652, 0.00190735
1653, 0.000953674
1654, 0.000953674
1655, 0.00190735
1656, 0.000953674
1657, 0.000953674
1658, 0.00190735
1659, 0.000953674
1660, 0.000953674
1661, 0.00190735
1662, 0.00119209
1663, 0.000953674
1664, 0.00190735
1665, 0.00119209
1666, 0.000953674
1667, 0.000953674
1668, 0.00119209
1669, 0.00190735
1670, 0.000953674
1671, 0.000953674
1672, 0.000953674
1673, 0.00190735
1674, 0.000953674
1675, 0.00214577
1676, 0.000953674
1677, 0.000953674
1678, 0.00119209
1679, 0.000953674
1680, 0.00190735
1681, 0.00119209
1682, 0.000953674
1683, 0.000953674
1684, 0.00214577
1685, 0.00214577
1686, 0.000953674
1687, 0.000953674
1688, 0.000953674
1689, 0.000953674
1690, 0.00214577
1691, 0.000953674
1692, 0.000953674
1693, 0.00119209
1694, 0.000953674
1695, 0.000953674
1696, 0.000953674
1697, 0.00119209
1698, 0.00190735
1699, 0.000953674
1700, 0.00119209
1701, 0.000953674
1702, 0.000953674
1703, 0.00214577
1704, 0.000953674
1705, 0.000953674
1706, 0.00119209
1707, 0.000953674
1708, 0.00190735
1709, 0.00119209
1710, 0.000953674
1711, 0.000953674
1712, 0.00119209
1713, 0.00190735
1714, 0.000953674
1715, 0.000953674
1716, 0.000953674
1717, 0.000953674
1718, 0.00214577
1719, 0.00214577
1720, 0.000953674
1721, 0.000953674
1722, 0.00119209
1723, 0.000953674
1724, 0.00119209
1725, 0.000953674
1726, 0.000953674
1727, 0.00214577
1728, 0.000953674
1729, 0.000953674
1730, 0.000953674
1731, 0.000953674
1732, 0.00190735
1733, 0.000953674
1734, 0.000953674
1735, 0.000953674
1736, 0.00119209
1737, 0.00190735
1738, 0.000953674
1739, 0.00119209
1740, 0.000953674
1741, 0.000953674
1742, 0.00119209
1743, 0.000953674
1744, 0.000953674
1745, 0.000953674
1746, 0.00214577
1747, 0.000953674
1748, 0.000953674
1749, 0.00119209
1750, 0.000953674
1751, 0.00190735
1752, 0.000953674
1753, 0.000953674
1754, 0.000953674
1755, 0.000953674
1756, 0.00190735
1757, 0.000953674
1758, 0.000953674
1759, 0.000953674
1760, 0.000953674
1761, 0.00214577
1762, 0.000953674
1763, 0.00119209
1764, 0.000953674
1765, 0.000953674
1766, 0.00214577
1767, 0.000953674
1768, 0.000953674
1769, 0.000953674
1770, 0.000953674
1771, 0.000953674
1772, 0.000953674
1773, 0.00119209
1774, 0.00190735
1775, 0.000953674
1776, 0.00119209
1777, 0.000953674
1778, 0.000953674
1779, 0.00214577
1780, 0.000953674
1781, 0.000953674
1782, 0.00119209
1783, 0.000953674
1784, 0.000953674
1785, 0.00119209
1786, 0.0109673
1787, 0
1788, 0
1789, 0
1790, 0
1791, 0.000953674
1792, 0.000953674
1793, 0.000953674
1794, 0.000953674
1795, 0.00119209
1796, 0.000953674
1797, 0.000953674
1798, 0.000953674
1799, 0
1800, 0
1801, 0
1802, 0.00119209
1803, 0.000953674
1804, 0.000953674
1805, 0.00119209
1806, 0.000953674
1807, 0.000953674
1808, 0.000953674
1809, 0.000953674
1810, 0
1811, 0
1812, 0
1813, 0.000953674
1814, 0.000953674
1815, 0.00119209
1816, 0.000953674
1817, 0.000953674
1818, 0.000953674
1819, 0.000953674
1820, 0.000953674
1821, 0.000953674
1822, 0
1823, 0
1824, 0.000953674
1825, 0.00119209
1826, 0.000953674
1827, 0.000953674
1828, 0.000953674
1829, 0.000953674
1830, 0.00119209
1831, 0.000953674
1832, 0.000953674
1833, 0
1834, 0
1835, 0
1836, 0.000953674
1837, 0.000953674
1838, 0
1839, 0.000953674
1840, 0
1841, 0
1842, 0
1843, 0.00119209
1844, 0.000953674
1845, 0.000953674
1846, 0.000953674
1847, 0.000953674
1848, 0.00119209
1849, 0.000953674
1850, 0.000953674
1851, 0
1852, 0
1853, 0
1854, 0
1855, 0.00119209
1856, 0.000953674
1857, 0.000953674
1858, 0.000953674
1859, 0.000953674
1860, 0.000953674
1861, 0.000953674
1862, 0.000953674
1863, 0.00119209
1864, 0.000953674
1865, 0.000953674
1866, 0.000953674
1867, 0.000953674
1868, 0.00119209
1869, 0.000953674
1870, 0.000953674
1871, 0
1872, 0
1873, 0
1874, 0
1875, 0.000953674
1876, 0.000953674
1877, 0.000953674
1878, 0.00119209
1879, 0.000953674
1880, 0.000953674
1881, 0
1882, 0
1883, 0
1884, 0
1885, 0.00119209
1886, 0.000953674
1887, 0.000953674
1888, 0.000953674
1889, 0.000953674
1890, 0
1891, 0
1892, 0
1893, 0
1894, 0.000953674
1895, 0.000953674
1896, 0.000953674
1897, 0.000953674
1898, 0.00119209
1899, 0.000953674
1900, 0.000953674
1901, 0
1902, 0
1903, 0
1904, 0.000953674
1905, 0.000953674
1906, 0.000953674
1907, 0.000953674
1908, 0.00119209
1909, 0.000953674
1910, 0.000953674
1911, 0.00119209
1912, 0.000953674
1913, 0
1914, 0
1915, 0.000953674
1916, 0.000953674
1917, 0.000953674
1918, 0.00119209
1919, 0.000953674
1920, 0.000953674
1921, 0.00119209
1922, 0.000953674
1923, 0.000953674
1924, 0
1925, 0
1926, 0.000953674
1927, 0.000953674
1928, 0.00119209
1929, 0.000953674
1930, 0.000953674
1931, 0.000953674
1932, 0.000953674
1933, 0.000953674
1934, 0.000953674
1935, 0
1936, 0
1937, 0
1938, 0.000953674
1939, 0.000953674
1940, 0.000953674
1941, 0.00119209
1942, 0.000953674
1943, 0.000953674
1944, 0.000953674
1945, 0.000953674
1946, 0
1947, 0
1948, 0
1949, 0.000953674
1950, 0.000953674
1951, 0.000953674
1952, 0.000953674
1953, 0.000953674
1954, 0.000953674
1955, 0.000953674
1956, 0.00119209
1957, 0
1958, 0
1959, 0.000953674
1960, 0.000953674
1961, 0.00119209
1962, 0.000953674
1963, 0.000953674
1964, 0.000953674
1965, 0.000953674
1966, 0
1967, 0
1968, 0
1969, 0.000953674
1970, 0.000953674
1971, 0.00119209
1972, 0.000953674
1973, 0.000953674
1974, 0.000953674
1975, 0.000953674
1976, 0.00119209
1977, 0.000953674
1978, 0
1979, 0
1980, 0
1981, 0
1982, 0.000953674
1983, 0.000953674
1984, 0.00119209
1985, 0.000953674
1986, 0.000953674
1987, 0.000953674
1988, 0.000953674
1989, 0.00119209
1990, 0
1991, 0
1992, 0
1993, 0.000953674
1994, 0.000953674
1995, 0.000953674
1996, 0.00119209
1997, 0.000953674
1998, 0.000953674
1999, 0.00119209
2000, 0.000953674
2001, 0.000953674
2002, 0
2003, 0
2004, 0
2005, 0.00214577
2006, 0.000953674
2007, 0.000953674
2008, 0.000953674
2009, 0.00119209
2010, 0.000953674
2011, 0.000953674
2012, 0.00214577
2013, 0.000953674
2014, 0.00190735
2015, 0.00119209
2016, 0.00190735
2017, 0.000953674
2018, 0.00119209
2019, 0.000953674
2020, 0.000953674
2021, 0.00214577
2022, 0.000953674
2023, 0.00190735
2024, 0.00119209
2025, 0.000953674
2026, 0.000953674
2027, 0.00119209
2028, 0.00190735
2029, 0.00119209
2030, 0.000953674
2031, 0.000953674
2032, 0.000953674
2033, 0.000953674
2034, 0.000953674
2035, 0.00214577
2036, 0.000953674
2037, 0.00190735
2038, 0.00119209
2039, 0.000953674
2040, 0.000953674
2041, 0.000953674
2042, 0.000953674
2043, 0.000953674
2044, 0.00214577
2045, 0.000953674
2046, 0.000953674
2047, 0.00119209
